{"EventType":"MessageExportRequested","EventTime":1387710245000,"SessionId":"gsk*****","Trigger":"_null_","ScopedCompanyId":148,"ScopedArchiveId":"anArchive","EventId":"dbnbudzu4wge","ActorEntity":{"CompanyId":148,"IpAddress":"127.0.0.1","EntityId":"602","EntityName":"first-1 last-1","EntityType":"CompanyUser"},"AffectedEntity1":{"EntityId":"5678","EntityName":"5678","EntityType":"MessageExport","ExportPurpose":"FinraAudit","CaseName":"R v Sargisson","NumberMessages":534,"CaseId":"Sarg598","PriceCurrency":"CAD","DeliveryOptions":"DirectDownload","NewestMessageDate":1419112760000,"SpecialRequest":"_null_","ExportName":"Some Export","ExportFormat":"EML","SizeMessagesInBytes":1234789,"ExportDescription":"If the NSA can do it then so can I","ExportOption":"IncludeHiddenRecipientData","Price":500.12,"OldestMessageDate":1387576760000}}