{"number":"1","name":"MALICE MIZER","url":"http://www.last.fm/music/MALICE+MIZER","picture":"http://userserve-ak.last.fm/serve/252/10808.jpg","@timestamp":"2000-10-06T19:20:25.000Z"}
{"number":"2","name":"Diary of Dreams","url":"http://www.last.fm/music/Diary+of+Dreams","picture":"http://userserve-ak.last.fm/serve/252/3052066.jpg","@timestamp":"2001-10-06T19:20:25.000Z"}
{"number":"3","name":"Carpathian Forest","url":"http://www.last.fm/music/Carpathian+Forest","picture":"http://userserve-ak.last.fm/serve/252/40222717.jpg","@timestamp":"2002-10-06T19:20:25.000Z"}
