{"number":"1","name":"MALICE MIZER","url":"http://www.last.fm/music/MALICE+MIZER","picture":"http://userserve-ak.last.fm/serve/252/10808.jpg","@timestamp":"2000-10-06T19:20:25.000Z","list":["quick", "brown", "fox"]}
{"number":"2","name":"Diary of Dreams","url":"http://www.last.fm/music/Diary+of+Dreams","picture":"http://userserve-ak.last.fm/serve/252/3052066.jpg","@timestamp":"2001-10-06T19:20:25.000Z","list":["quick", "brown", "fox"]}
{"number":"3","name":"Carpathian Forest","url":"http://www.last.fm/music/Carpathian+Forest","picture":"http://userserve-ak.last.fm/serve/252/40222717.jpg","@timestamp":"2002-10-06T19:20:25.000Z","list":["quick", "brown", "fox"]}
{"number":"4","name":"Moi dix Mois","url":"http://www.last.fm/music/Moi+dix+Mois","picture":"http://userserve-ak.last.fm/serve/252/54697835.png","@timestamp":"2003-10-06T19:20:25.000Z","list":["quick", "brown", "fox"]}
{"number":"5","name":"Bella Morte","url":"http://www.last.fm/music/Bella+Morte","picture":"http://userserve-ak.last.fm/serve/252/14789013.jpg","@timestamp":"2004-10-06T19:20:25.000Z","list":["quick", "brown", "fox"]}
{"number":"6","name":"Moonspell","url":"http://www.last.fm/music/Moonspell","picture":"http://userserve-ak.last.fm/serve/252/2181591.jpg","@timestamp":"2005-10-06T19:20:25.000Z","list":["quick", "brown", "fox"]}
{"number":"7","name":"Marilyn Manson","url":"http://www.last.fm/music/Marilyn+Manson","picture":"http://userserve-ak.last.fm/serve/252/2558217.jpg","@timestamp":"2006-10-06T19:20:25.000Z","list":["quick", "brown", "fox"]}
{"number":"8","name":"DIR EN GREY","url":"http://www.last.fm/music/DIR+EN+GREY","picture":"http://userserve-ak.last.fm/serve/252/46968835.png","@timestamp":"2007-10-06T19:20:25.000Z","list":["quick", "brown", "fox"]}
{"number":"9","name":"Combichrist","url":"http://www.last.fm/music/Combichrist","picture":"http://userserve-ak.last.fm/serve/252/51273485.jpg","@timestamp":"2008-10-06T19:20:25.000Z","list":["quick", "brown", "fox"]}
{"number":"10","name":"Grendel","url":"http://www.last.fm/music/Grendel","picture":"http://userserve-ak.last.fm/serve/252/5872875.jpg","@timestamp":"2009-10-06T19:20:25.000Z","list":["quick", "brown", "fox"]}
{"number":"11","name":"Agonoize","url":"http://www.last.fm/music/Agonoize","picture":"http://userserve-ak.last.fm/serve/252/31693309.jpg","@timestamp":"2010-10-06T19:20:25.000Z","list":["quick", "brown", "fox"]}
{"number":"12","name":"Behemoth","url":"http://www.last.fm/music/Behemoth","picture":"http://userserve-ak.last.fm/serve/252/54196161.jpg","@timestamp":"2011-10-06T19:20:25.000Z","list":["quick", "brown", "fox"]}
{"number":"13","name":"Hocico","url":"http://www.last.fm/music/Hocico","picture":"http://userserve-ak.last.fm/serve/252/34892635.jpg","@timestamp":"2012-10-06T19:20:25.000Z","list":["quick", "brown", "fox"]}
{"number":"15","name":"Dimmu Borgir","url":"http://www.last.fm/music/Dimmu+Borgir","picture":"http://userserve-ak.last.fm/serve/252/52216127.png","@timestamp":"2013-10-06T19:20:25.000Z","list":["quick", "brown", "fox"]}
{"number":"16","name":"London After Midnight","url":"http://www.last.fm/music/London+After+Midnight","picture":"http://userserve-ak.last.fm/serve/252/5364091.jpg","@timestamp":"2014-10-06T19:20:25.000Z","list":["quick", "brown", "fox"]}
{"number":"17","name":"Psyclon Nine","url":"http://www.last.fm/music/Psyclon+Nine","picture":"http://userserve-ak.last.fm/serve/252/35246025.jpg","@timestamp":"2015-10-06T19:20:25.000Z","list":["quick", "brown", "fox"]}
{"number":"19","name":":wumpscut:","url":"http://www.last.fm/music/%3Awumpscut%3A","picture":"http://userserve-ak.last.fm/serve/252/541326.jpg","@timestamp":"2016-10-06T19:20:25.000Z","list":["quick", "brown", "fox"]}
{"number":"20","name":"Limbonic Art","url":"http://www.last.fm/music/Limbonic+Art","picture":"http://userserve-ak.last.fm/serve/252/29314111.jpg","@timestamp":"2017-10-06T19:20:25.000Z","list":["quick", "brown", "fox"]}
{"number":"21","name":"Artista sconosciuto","url":"http://www.last.fm/music/Artista+sconosciuto","picture":"http://userserve-ak.last.fm/serve/252/17969009.png","@timestamp":"2018-10-06T19:20:25.000Z","list":["quick", "brown", "fox"]}
{"number":"22","name":"xotox","url":"http://www.last.fm/music/xotox","picture":"http://userserve-ak.last.fm/serve/252/5297893.jpg","@timestamp":"2019-10-06T19:20:25.000Z","list":["quick", "brown", "fox"]}
{"number":"23","name":"The Kovenant","url":"http://www.last.fm/music/The+Kovenant","picture":"http://userserve-ak.last.fm/serve/252/8058051.jpg","@timestamp":"2020-10-06T19:20:25.000Z","list":["quick", "brown", "fox"]}
{"number":"24","name":"Feindflug","url":"http://www.last.fm/music/Feindflug","picture":"http://userserve-ak.last.fm/serve/252/17291471.jpg","@timestamp":"2021-10-06T19:20:25.000Z","list":["quick", "brown", "fox"]}
{"number":"25","name":"Cradle of Filth","url":"http://www.last.fm/music/Cradle+of+Filth","picture":"http://userserve-ak.last.fm/serve/252/30799583.jpg","@timestamp":"2022-10-06T19:20:25.000Z","list":["quick", "brown", "fox"]}
{"number":"26","name":"Tamtrum","url":"http://www.last.fm/music/Tamtrum","picture":"http://userserve-ak.last.fm/serve/252/8193963.jpg","@timestamp":"2023-10-06T19:20:25.000Z","list":["quick", "brown", "fox"]}
{"number":"27","name":"Laibach","url":"http://www.last.fm/music/Laibach","picture":"http://userserve-ak.last.fm/serve/252/615172.jpg","@timestamp":"2024-10-06T19:20:25.000Z","list":["quick", "brown", "fox"]}
{"number":"28","name":"Gorgoroth","url":"http://www.last.fm/music/Gorgoroth","picture":"http://userserve-ak.last.fm/serve/252/35522943.jpg","@timestamp":"2025-10-06T19:20:25.000Z","list":["quick", "brown", "fox"]}
{"number":"30","name":"And One","url":"http://www.last.fm/music/And+One","picture":"http://userserve-ak.last.fm/serve/252/50818861.jpg","@timestamp":"2026-10-06T19:20:25.000Z","list":["quick", "brown", "fox"]}
{"number":"31","name":"Amduscia","url":"http://www.last.fm/music/Amduscia","picture":"http://userserve-ak.last.fm/serve/252/23951523.jpg","@timestamp":"2027-10-06T19:20:25.000Z","list":["quick", "brown", "fox"]}
{"number":"32","name":"Covenant","url":"http://www.last.fm/music/Covenant","picture":"http://userserve-ak.last.fm/serve/252/59793013.jpg","@timestamp":"2028-10-06T19:20:25.000Z","list":["quick", "brown", "fox"]}
{"number":"34","name":"Icon of Coil","url":"http://www.last.fm/music/Icon+of+Coil","picture":"http://userserve-ak.last.fm/serve/252/371747.jpg","@timestamp":"2029-10-06T19:20:25.000Z","list":["quick", "brown", "fox"]}
{"number":"36","name":"KMFDM","url":"http://www.last.fm/music/KMFDM","picture":"http://userserve-ak.last.fm/serve/252/19970449.jpg","@timestamp":"2030-10-06T19:20:25.000Z","list":["quick", "brown", "fox"]}
{"number":"37","name":"Funker Vogt","url":"http://www.last.fm/music/Funker+Vogt","picture":"http://userserve-ak.last.fm/serve/252/16436553.jpg","@timestamp":"2031-10-06T19:20:25.000Z","list":["quick", "brown", "fox"]}
{"number":"38","name":"Dawn of Ashes","url":"http://www.last.fm/music/Dawn+of+Ashes","picture":"http://userserve-ak.last.fm/serve/252/28578343.jpg","@timestamp":"2032-10-06T19:20:25.000Z","list":["quick", "brown", "fox"]}
{"number":"39","name":"Sopor Aeternus & The Ensemble of Shadows","url":"http://www.last.fm/music/Sopor%2BAeternus%2B%2526%2BThe%2BEnsemble%2Bof%2BShadows","picture":"http://userserve-ak.last.fm/serve/252/260221.jpg","@timestamp":"2033-10-06T19:20:25.000Z","list":["quick", "brown", "fox"]}
{"number":"40","name":"The Faint","url":"http://www.last.fm/music/The+Faint","picture":"http://userserve-ak.last.fm/serve/252/1985.jpg","@timestamp":"2034-10-06T19:20:25.000Z","list":["quick", "brown", "fox"]}
{"number":"41","name":"God Module","url":"http://www.last.fm/music/God+Module","picture":"http://userserve-ak.last.fm/serve/252/608782.jpg","@timestamp":"2035-10-06T19:20:25.000Z","list":["quick", "brown", "fox"]}
{"number":"43","name":"Noisuf-X","url":"http://www.last.fm/music/Noisuf-X","picture":"http://userserve-ak.last.fm/serve/252/27456325.jpg","@timestamp":"2036-10-06T19:20:25.000Z","list":["quick", "brown", "fox"]}
{"number":"44","name":"Das Ich","url":"http://www.last.fm/music/Das+Ich","picture":"http://userserve-ak.last.fm/serve/252/46246053.jpg","@timestamp":"2037-10-06T19:20:25.000Z","list":["quick", "brown", "fox"]}
{"number":"45","name":"Mindless Self Indulgence","url":"http://www.last.fm/music/Mindless+Self+Indulgence","picture":"http://userserve-ak.last.fm/serve/252/360590.jpg","@timestamp":"2038-10-06T19:20:25.000Z","list":["quick", "brown", "fox"]}
{"number":"46","name":"Pyotr Ilyich Tchaikovsky","url":"http://www.last.fm/music/Pyotr+Ilyich+Tchaikovsky","picture":"http://userserve-ak.last.fm/serve/252/44326361.png","@timestamp":"2039-10-06T19:20:25.000Z","list":["quick", "brown", "fox"]}
{"number":"47","name":"Emperor","url":"http://www.last.fm/music/Emperor","picture":"http://userserve-ak.last.fm/serve/252/12767259.jpg","@timestamp":"2040-10-06T19:20:25.000Z","list":["quick", "brown", "fox"]}
{"number":"48","name":"Anorexia Nervosa","url":"http://www.last.fm/music/Anorexia+Nervosa","picture":"http://userserve-ak.last.fm/serve/252/396508.jpg","@timestamp":"2041-10-06T19:20:25.000Z","list":["quick", "brown", "fox"]}
{"number":"49","name":"Reaper","url":"http://www.last.fm/music/Reaper","picture":"http://userserve-ak.last.fm/serve/252/36414477.png","@timestamp":"2042-10-06T19:20:25.000Z","list":["quick", "brown", "fox"]}
{"number":"50","name":"Gothminister","url":"http://www.last.fm/music/Gothminister","picture":"http://userserve-ak.last.fm/serve/252/23255695.jpg","@timestamp":"2043-10-06T19:20:25.000Z","list":["quick", "brown", "fox"]}
{"number":"51","name":"Duran Duran","url":"http://www.last.fm/music/Duran+Duran","picture":"http://userserve-ak.last.fm/serve/252/155668.jpg","@timestamp":"2044-10-06T19:20:25.000Z","list":["quick", "brown", "fox"]}
{"number":"52","name":"Morcheeba","url":"http://www.last.fm/music/Morcheeba","picture":"http://userserve-ak.last.fm/serve/252/46005111.png","@timestamp":"2045-10-06T19:20:25.000Z","list":["quick", "brown", "fox"]}
{"number":"53","name":"Air","url":"http://www.last.fm/music/Air","picture":"http://userserve-ak.last.fm/serve/252/251119.jpg","@timestamp":"2046-10-06T19:20:25.000Z","list":["quick", "brown", "fox"]}
{"number":"54","name":"Hooverphonic","url":"http://www.last.fm/music/Hooverphonic","picture":"http://userserve-ak.last.fm/serve/252/40553471.png","@timestamp":"2047-10-06T19:20:25.000Z","list":["quick", "brown", "fox"]}
{"number":"55","name":"Kylie Minogue","url":"http://www.last.fm/music/Kylie+Minogue","picture":"http://userserve-ak.last.fm/serve/252/12740835.jpg","@timestamp":"2048-10-06T19:20:25.000Z","list":["quick", "brown", "fox"]}
{"number":"56","name":"Daft Punk","url":"http://www.last.fm/music/Daft+Punk","picture":"http://userserve-ak.last.fm/serve/252/10923145.png","@timestamp":"2049-10-06T19:20:25.000Z","list":["quick", "brown", "fox"]}
{"number":"57","name":"Thievery Corporation","url":"http://www.last.fm/music/Thievery+Corporation","picture":"http://userserve-ak.last.fm/serve/252/50633735.png","@timestamp":"2050-10-06T19:20:25.000Z","list":["quick", "brown", "fox"]}
{"number":"58","name":"Goldfrapp","url":"http://www.last.fm/music/Goldfrapp","picture":"http://userserve-ak.last.fm/serve/252/36460899.png","@timestamp":"2051-10-06T19:20:25.000Z","list":["quick", "brown", "fox"]}
{"number":"59","name":"New Order","url":"http://www.last.fm/music/New+Order","picture":"http://userserve-ak.last.fm/serve/252/6650979.jpg","@timestamp":"2052-10-06T19:20:25.000Z","list":["quick", "brown", "fox"]}
{"number":"60","name":"Matt Bianco","url":"http://www.last.fm/music/Matt+Bianco","picture":"http://userserve-ak.last.fm/serve/252/369674.jpg","@timestamp":"2053-10-06T19:20:25.000Z","list":["quick", "brown", "fox"]}
{"number":"61","name":"Talk Talk","url":"http://www.last.fm/music/Talk+Talk","picture":"http://userserve-ak.last.fm/serve/252/48047875.jpg","@timestamp":"2054-10-06T19:20:25.000Z","list":["quick", "brown", "fox"]}
{"number":"62","name":"Prefab Sprout","url":"http://www.last.fm/music/Prefab+Sprout","picture":"http://userserve-ak.last.fm/serve/252/15600007.png","@timestamp":"2055-10-06T19:20:25.000Z","list":["quick", "brown", "fox"]}
{"number":"63","name":"Enigma","url":"http://www.last.fm/music/Enigma","picture":"http://userserve-ak.last.fm/serve/252/36180069.png","@timestamp":"2056-10-06T19:20:25.000Z","list":["quick", "brown", "fox"]}
{"number":"65","name":"Coldplay","url":"http://www.last.fm/music/Coldplay","picture":"http://userserve-ak.last.fm/serve/252/67770.jpg","@timestamp":"2057-10-06T19:20:25.000Z","list":["quick", "brown", "fox"]}
{"number":"66","name":"Faithless","url":"http://www.last.fm/music/Faithless","picture":"http://userserve-ak.last.fm/serve/252/42558111.jpg","@timestamp":"2058-10-06T19:20:25.000Z","list":["quick", "brown", "fox"]}
{"number":"67","name":"Madonna","url":"http://www.last.fm/music/Madonna","picture":"http://userserve-ak.last.fm/serve/252/340387.jpg","@timestamp":"2059-10-06T19:20:25.000Z","list":["quick", "brown", "fox"]}
{"number":"68","name":"Icehouse","url":"http://www.last.fm/music/Icehouse","picture":"http://userserve-ak.last.fm/serve/252/189704.jpg","@timestamp":"2060-10-06T19:20:25.000Z","list":["quick", "brown", "fox"]}
{"number":"69","name":"Sade","url":"http://www.last.fm/music/Sade","picture":"http://userserve-ak.last.fm/serve/252/61389233.png","@timestamp":"2061-10-06T19:20:25.000Z","list":["quick", "brown", "fox"]}
{"number":"70","name":"Moby","url":"http://www.last.fm/music/Moby","picture":"http://userserve-ak.last.fm/serve/252/130045.jpg","@timestamp":"2062-10-06T19:20:25.000Z","list":["quick", "brown", "fox"]}
{"number":"71","name":"Dido","url":"http://www.last.fm/music/Dido","picture":"http://userserve-ak.last.fm/serve/252/21564957.jpg","@timestamp":"2063-10-06T19:20:25.000Z","list":["quick", "brown", "fox"]}
{"number":"72","name":"Depeche Mode","url":"http://www.last.fm/music/Depeche+Mode","picture":"http://userserve-ak.last.fm/serve/252/75022.jpg","@timestamp":"2064-10-06T19:20:25.000Z","list":["quick", "brown", "fox"]}
{"number":"74","name":"Basia","url":"http://www.last.fm/music/Basia","picture":"http://userserve-ak.last.fm/serve/252/28540541.png","@timestamp":"2065-10-06T19:20:25.000Z","list":["quick", "brown", "fox"]}
{"number":"75","name":"Camouflage","url":"http://www.last.fm/music/Camouflage","picture":"http://userserve-ak.last.fm/serve/252/4183502.jpg","@timestamp":"2066-10-06T19:20:25.000Z","list":["quick", "brown", "fox"]}
{"number":"76","name":"Electronic","url":"http://www.last.fm/music/Electronic","picture":"http://userserve-ak.last.fm/serve/252/11464257.jpg","@timestamp":"2067-10-06T19:20:25.000Z","list":["quick", "brown", "fox"]}
{"number":"77","name":"George Michael","url":"http://www.last.fm/music/George+Michael","picture":"http://userserve-ak.last.fm/serve/252/39849449.png","@timestamp":"2068-10-06T19:20:25.000Z","list":["quick", "brown", "fox"]}
{"number":"78","name":"The Adventures","url":"http://www.last.fm/music/The+Adventures","picture":"http://userserve-ak.last.fm/serve/252/462539.jpg","@timestamp":"2069-10-06T19:20:25.000Z","list":["quick", "brown", "fox"]}
{"number":"79","name":"Fiction Factory","url":"http://www.last.fm/music/Fiction+Factory","picture":"http://userserve-ak.last.fm/serve/252/365892.jpg","@timestamp":"2070-10-06T19:20:25.000Z","list":["quick", "brown", "fox"]}
{"number":"80","name":"Groove Armada","url":"http://www.last.fm/music/Groove+Armada","picture":"http://userserve-ak.last.fm/serve/252/7025387.jpg","@timestamp":"2071-10-06T19:20:25.000Z","list":["quick", "brown", "fox"]}
{"number":"81","name":"Portishead","url":"http://www.last.fm/music/Portishead","picture":"http://userserve-ak.last.fm/serve/252/11272935.jpg","@timestamp":"2072-10-06T19:20:25.000Z","list":["quick", "brown", "fox"]}
{"number":"82","name":"Marc Almond","url":"http://www.last.fm/music/Marc+Almond","picture":"http://userserve-ak.last.fm/serve/252/50997309.png","@timestamp":"2073-10-06T19:20:25.000Z","list":["quick", "brown", "fox"]}
{"number":"83","name":"Cock Robin","url":"http://www.last.fm/music/Cock+Robin","picture":"http://userserve-ak.last.fm/serve/252/287993.jpg","@timestamp":"2074-10-06T19:20:25.000Z","list":["quick", "brown", "fox"]}
{"number":"84","name":"Cut Copy","url":"http://www.last.fm/music/Cut+Copy","picture":"http://userserve-ak.last.fm/serve/252/9539517.jpg","@timestamp":"2075-10-06T19:20:25.000Z","list":["quick", "brown", "fox"]}
{"number":"85","name":"Spandau Ballet","url":"http://www.last.fm/music/Spandau+Ballet","picture":"http://userserve-ak.last.fm/serve/252/354540.jpg","@timestamp":"2076-10-06T19:20:25.000Z","list":["quick", "brown", "fox"]}
{"number":"86","name":"Katie Melua","url":"http://www.last.fm/music/Katie+Melua","picture":"http://userserve-ak.last.fm/serve/252/38702721.png","@timestamp":"2077-10-06T19:20:25.000Z","list":["quick", "brown", "fox"]}
{"number":"87","name":"Deacon Blue","url":"http://www.last.fm/music/Deacon+Blue","picture":"http://userserve-ak.last.fm/serve/252/439471.jpg","@timestamp":"2078-10-06T19:20:25.000Z","list":["quick", "brown", "fox"]}
{"number":"88","name":"Gorillaz","url":"http://www.last.fm/music/Gorillaz","picture":"http://userserve-ak.last.fm/serve/252/45388159.png","@timestamp":"2079-10-06T19:20:25.000Z","list":["quick", "brown", "fox"]}
{"number":"89","name":"Lady Gaga","url":"http://www.last.fm/music/Lady+Gaga","picture":"http://userserve-ak.last.fm/serve/252/47390093.png","@timestamp":"2080-10-06T19:20:25.000Z","list":["quick", "brown", "fox"]}
{"number":"90","name":"Kosheen","url":"http://www.last.fm/music/Kosheen","picture":"http://userserve-ak.last.fm/serve/252/3309551.jpg","@timestamp":"2081-10-06T19:20:25.000Z","list":["quick", "brown", "fox"]}
{"number":"91","name":"Nik Kershaw","url":"http://www.last.fm/music/Nik+Kershaw","picture":"http://userserve-ak.last.fm/serve/252/4204557.jpg","@timestamp":"2082-10-06T19:20:25.000Z","list":["quick", "brown", "fox"]}
{"number":"92","name":"Vitamin Z","url":"http://www.last.fm/music/Vitamin+Z","picture":"http://userserve-ak.last.fm/serve/252/197506.jpg","@timestamp":"2083-10-06T19:20:25.000Z","list":["quick", "brown", "fox"]}
{"number":"93","name":"Jean-Michel Jarre","url":"http://www.last.fm/music/Jean-Michel+Jarre","picture":"http://userserve-ak.last.fm/serve/252/242240.jpg","@timestamp":"2084-10-06T19:20:25.000Z","list":["quick", "brown", "fox"]}
{"number":"94","name":"Ministry of Sound","url":"http://www.last.fm/music/Ministry+of+Sound","picture":"http://userserve-ak.last.fm/serve/252/13305931.jpg","@timestamp":"2085-10-06T19:20:25.000Z","list":["quick", "brown", "fox"]}
{"number":"95","name":"Simply Red","url":"http://www.last.fm/music/Simply+Red","picture":"http://userserve-ak.last.fm/serve/252/50997673.png","@timestamp":"2086-10-06T19:20:25.000Z","list":["quick", "brown", "fox"]}
{"number":"96","name":"Fleetwood Mac","url":"http://www.last.fm/music/Fleetwood+Mac","picture":"http://userserve-ak.last.fm/serve/252/337211.jpg","@timestamp":"2087-10-06T19:20:25.000Z","list":["quick", "brown", "fox"]}
{"number":"97","name":"Duffy","url":"http://www.last.fm/music/Duffy","picture":"http://userserve-ak.last.fm/serve/252/55142075.png","@timestamp":"2088-10-06T19:20:25.000Z","list":["quick", "brown", "fox"]}
{"number":"98","name":"Japan","url":"http://www.last.fm/music/Japan","picture":"http://userserve-ak.last.fm/serve/252/34822153.jpg","@timestamp":"2089-10-06T19:20:25.000Z","list":["quick", "brown", "fox"]}
{"number":"99","name":"INXS","url":"http://www.last.fm/music/INXS","picture":"http://userserve-ak.last.fm/serve/252/26433237.jpg","@timestamp":"2090-10-06T19:20:25.000Z","list":["quick", "brown", "fox"]}
{"number":"100","name":"ABC","url":"http://www.last.fm/music/ABC","picture":"http://userserve-ak.last.fm/serve/252/41596559.png","@timestamp":"2091-10-06T19:20:25.000Z","list":["quick", "brown", "fox"]}
{"number":"101","name":"Pleq","url":"http://www.last.fm/music/Pleq","picture":"http://userserve-ak.last.fm/serve/252/58414481.jpg","@timestamp":"2092-10-06T19:20:25.000Z","list":["quick", "brown", "fox"]}
{"number":"102","name":"Segue","url":"http://www.last.fm/music/Segue","picture":"http://userserve-ak.last.fm/serve/252/38568681.jpg","@timestamp":"2093-10-06T19:20:25.000Z","list":["quick", "brown", "fox"]}
{"number":"103","name":"Max Richter","url":"http://www.last.fm/music/Max+Richter","picture":"http://userserve-ak.last.fm/serve/252/51974589.png","@timestamp":"2094-10-06T19:20:25.000Z","list":["quick", "brown", "fox"]}
{"number":"104","name":"Celer","url":"http://www.last.fm/music/Celer","picture":"http://userserve-ak.last.fm/serve/252/43677713.jpg","@timestamp":"2095-10-06T19:20:25.000Z","list":["quick", "brown", "fox"]}
{"number":"105","name":"Pjusk","url":"http://www.last.fm/music/Pjusk","picture":"http://userserve-ak.last.fm/serve/252/43518367.jpg","@timestamp":"2096-10-06T19:20:25.000Z","list":["quick", "brown", "fox"]}
{"number":"106","name":"Pleq & Segue","url":"http://www.last.fm/music/Pleq%2B%2526%2BSegue","picture":"http://userserve-ak.last.fm/serve/252/58293455.jpg","@timestamp":"2097-10-06T19:20:25.000Z","list":["quick", "brown", "fox"]}
{"number":"107","name":"Burial","url":"http://www.last.fm/music/Burial","picture":"http://userserve-ak.last.fm/serve/252/60689649.png","@timestamp":"2098-10-06T19:20:25.000Z","list":["quick", "brown", "fox"]}
{"number":"108","name":"Magnitophono","url":"http://www.last.fm/music/Magnitophono","picture":"http://userserve-ak.last.fm/serve/252/24388525.jpg","@timestamp":"2099-10-06T19:20:25.000Z","list":["quick", "brown", "fox"]}
{"number":"109","name":"andy graydon","url":"http://www.last.fm/music/andy+graydon","picture":"http://userserve-ak.last.fm/serve/252/26569717.jpg","@timestamp":"2100-10-06T19:20:25.000Z","list":["quick", "brown", "fox"]}
{"number":"110","name":"ddekombinacja","url":"http://www.last.fm/music/ddekombinacja","picture":"http://userserve-ak.last.fm/serve/252/31731637.jpg","@timestamp":"2101-10-06T19:20:25.000Z","list":["quick", "brown", "fox"]}
{"number":"111","name":"Pleq & Anna Rose Carter","url":"http://www.last.fm/music/+noredirect/Pleq%2B%2526%2BAnna%2BRose%2BCarter","picture":"","@timestamp":"2102-10-06T19:20:25.000Z","list":["quick", "brown", "fox"]}
{"number":"112","name":"Go Koyashiki","url":"http://www.last.fm/music/Go+Koyashiki","picture":"http://userserve-ak.last.fm/serve/252/58277441.jpg","@timestamp":"2103-10-06T19:20:25.000Z","list":["quick", "brown", "fox"]}
{"number":"113","name":"Dustin O'Halloran","url":"http://www.last.fm/music/Dustin+O%27Halloran","picture":"http://userserve-ak.last.fm/serve/252/28429321.jpg","@timestamp":"2104-10-06T19:20:25.000Z","list":["quick", "brown", "fox"]}
{"number":"114","name":"offthesky","url":"http://www.last.fm/music/offthesky","picture":"http://userserve-ak.last.fm/serve/252/35022765.png","@timestamp":"2105-10-06T19:20:25.000Z","list":["quick", "brown", "fox"]}
{"number":"115","name":"Nebulo","url":"http://www.last.fm/music/Nebulo","picture":"http://userserve-ak.last.fm/serve/252/14070783.jpg","@timestamp":"2106-10-06T19:20:25.000Z","list":["quick", "brown", "fox"]}
{"number":"116","name":"Fjordne","url":"http://www.last.fm/music/Fjordne","picture":"http://userserve-ak.last.fm/serve/252/43583903.jpg","@timestamp":"2107-10-06T19:20:25.000Z","list":["quick", "brown", "fox"]}
{"number":"117","name":"Pleq & Chihiro","url":"http://www.last.fm/music/Pleq%2B%2526%2BChihiro","picture":"http://userserve-ak.last.fm/serve/252/24610863.jpg","@timestamp":"2108-10-06T19:20:25.000Z","list":["quick", "brown", "fox"]}
{"number":"118","name":"Spyweirdos","url":"http://www.last.fm/music/Spyweirdos","picture":"http://userserve-ak.last.fm/serve/252/59489573.png","@timestamp":"2109-10-06T19:20:25.000Z","list":["quick", "brown", "fox"]}
{"number":"119","name":"billy gomberg + offthesky","url":"http://www.last.fm/music/+noredirect/billy%2Bgomberg%2B%252B%2Boffthesky","picture":"","@timestamp":"2110-10-06T19:20:25.000Z","list":["quick", "brown", "fox"]}
{"number":"120","name":"Deru","url":"http://www.last.fm/music/Deru","picture":"http://userserve-ak.last.fm/serve/252/27329185.jpg","@timestamp":"2111-10-06T19:20:25.000Z","list":["quick", "brown", "fox"]}
{"number":"121","name":"Lukid","url":"http://www.last.fm/music/Lukid","picture":"http://userserve-ak.last.fm/serve/252/47883977.jpg","@timestamp":"2112-10-06T19:20:25.000Z","list":["quick", "brown", "fox"]}
{"number":"122","name":"Manekinekod","url":"http://www.last.fm/music/Manekinekod","picture":"http://userserve-ak.last.fm/serve/252/39374677.jpg","@timestamp":"2113-10-06T19:20:25.000Z","list":["quick", "brown", "fox"]}
{"number":"123","name":"Danny Norbury","url":"http://www.last.fm/music/Danny+Norbury","picture":"http://userserve-ak.last.fm/serve/252/4964091.jpg","@timestamp":"2114-10-06T19:20:25.000Z","list":["quick", "brown", "fox"]}
{"number":"124","name":"Shinkei & Mise En Scene","url":"http://www.last.fm/music/Shinkei%2B%2526%2BMise%2BEn%2BScene","picture":"","@timestamp":"2115-10-06T19:20:25.000Z","list":["quick", "brown", "fox"]}
{"number":"125","name":"aslope","url":"http://www.last.fm/music/aslope","picture":"http://userserve-ak.last.fm/serve/252/39251237.jpg","@timestamp":"2116-10-06T19:20:25.000Z","list":["quick", "brown", "fox"]}
{"number":"126","name":"The Notwist","url":"http://www.last.fm/music/The+Notwist","picture":"http://userserve-ak.last.fm/serve/252/13533259.jpg","@timestamp":"2117-10-06T19:20:25.000Z","list":["quick", "brown", "fox"]}
{"number":"127","name":"Off the Sky","url":"http://www.last.fm/music/Off+the+Sky","picture":"http://userserve-ak.last.fm/serve/252/421091.jpg","@timestamp":"2118-10-06T19:20:25.000Z","list":["quick", "brown", "fox"]}
{"number":"128","name":"strom noir","url":"http://www.last.fm/music/strom+noir","picture":"http://userserve-ak.last.fm/serve/252/5519362.jpg","@timestamp":"2119-10-06T19:20:25.000Z","list":["quick", "brown", "fox"]}
{"number":"129","name":"Aless","url":"http://www.last.fm/music/Aless","picture":"http://userserve-ak.last.fm/serve/252/44521979.jpg","@timestamp":"2120-10-06T19:20:25.000Z","list":["quick", "brown", "fox"]}
{"number":"130","name":"Philippe Lamy","url":"http://www.last.fm/music/Philippe+Lamy","picture":"http://userserve-ak.last.fm/serve/252/34563725.jpg","@timestamp":"2121-10-06T19:20:25.000Z","list":["quick", "brown", "fox"]}
{"number":"131","name":"Part Timer","url":"http://www.last.fm/music/Part+Timer","picture":"http://userserve-ak.last.fm/serve/252/26514979.jpg","@timestamp":"2122-10-06T19:20:25.000Z","list":["quick", "brown", "fox"]}
{"number":"132","name":"Deaf Center","url":"http://www.last.fm/music/Deaf+Center","picture":"http://userserve-ak.last.fm/serve/252/179552.jpg","@timestamp":"2123-10-06T19:20:25.000Z","list":["quick", "brown", "fox"]}
{"number":"133","name":"Lauki","url":"http://www.last.fm/music/Lauki","picture":"","@timestamp":"2124-10-06T19:20:25.000Z","list":["quick", "brown", "fox"]}
{"number":"134","name":"Big Brotherz","url":"http://www.last.fm/music/Big+Brotherz","picture":"http://userserve-ak.last.fm/serve/252/48444347.jpg","@timestamp":"2125-10-06T19:20:25.000Z","list":["quick", "brown", "fox"]}
{"number":"135","name":"cokiyu","url":"http://www.last.fm/music/cokiyu","picture":"http://userserve-ak.last.fm/serve/252/41954375.jpg","@timestamp":"2126-10-06T19:20:25.000Z","list":["quick", "brown", "fox"]}
{"number":"136","name":"Verbose","url":"http://www.last.fm/music/Verbose","picture":"http://userserve-ak.last.fm/serve/252/3406085.jpg","@timestamp":"2127-10-06T19:20:25.000Z","list":["quick", "brown", "fox"]}
{"number":"137","name":"Worm Is Green","url":"http://www.last.fm/music/Worm+Is+Green","picture":"http://userserve-ak.last.fm/serve/252/613837.jpg","@timestamp":"2128-10-06T19:20:25.000Z","list":["quick", "brown", "fox"]}
{"number":"138","name":"Library Tapes","url":"http://www.last.fm/music/Library+Tapes","picture":"http://userserve-ak.last.fm/serve/252/2247728.jpg","@timestamp":"2129-10-06T19:20:25.000Z","list":["quick", "brown", "fox"]}
{"number":"139","name":"Richard Skelton","url":"http://www.last.fm/music/Richard+Skelton","picture":"http://userserve-ak.last.fm/serve/252/43254939.png","@timestamp":"2130-10-06T19:20:25.000Z","list":["quick", "brown", "fox"]}
{"number":"140","name":"Matryoshka","url":"http://www.last.fm/music/Matryoshka","picture":"http://userserve-ak.last.fm/serve/252/42836783.jpg","@timestamp":"2131-10-06T19:20:25.000Z","list":["quick", "brown", "fox"]}
{"number":"141","name":"Aidan Baker","url":"http://www.last.fm/music/Aidan+Baker","picture":"http://userserve-ak.last.fm/serve/252/60671123.jpg","@timestamp":"2132-10-06T19:20:25.000Z","list":["quick", "brown", "fox"]}
{"number":"142","name":"Ylid","url":"http://www.last.fm/music/Ylid","picture":"http://userserve-ak.last.fm/serve/252/381247.jpg","@timestamp":"2133-10-06T19:20:25.000Z","list":["quick", "brown", "fox"]}
{"number":"143","name":"Daisuke Miyatani","url":"http://www.last.fm/music/Daisuke+Miyatani","picture":"http://userserve-ak.last.fm/serve/252/28588821.jpg","@timestamp":"2134-10-06T19:20:25.000Z","list":["quick", "brown", "fox"]}
{"number":"144","name":"Dakota Suite","url":"http://www.last.fm/music/Dakota+Suite","picture":"http://userserve-ak.last.fm/serve/252/34844669.jpg","@timestamp":"2135-10-06T19:20:25.000Z","list":["quick", "brown", "fox"]}
{"number":"145","name":"Ryonkt","url":"http://www.last.fm/music/Ryonkt","picture":"http://userserve-ak.last.fm/serve/252/3400979.jpg","@timestamp":"2136-10-06T19:20:25.000Z","list":["quick", "brown", "fox"]}
{"number":"146","name":"Hird","url":"http://www.last.fm/music/Hird","picture":"http://userserve-ak.last.fm/serve/252/317707.jpg","@timestamp":"2137-10-06T19:20:25.000Z","list":["quick", "brown", "fox"]}
{"number":"147","name":"Svarte Greiner","url":"http://www.last.fm/music/Svarte+Greiner","picture":"http://userserve-ak.last.fm/serve/252/29675371.jpg","@timestamp":"2138-10-06T19:20:25.000Z","list":["quick", "brown", "fox"]}
{"number":"148","name":"The Boats","url":"http://www.last.fm/music/The+Boats","picture":"http://userserve-ak.last.fm/serve/252/12285119.jpg","@timestamp":"2139-10-06T19:20:25.000Z","list":["quick", "brown", "fox"]}
{"number":"149","name":"The Sound Of Lucrecia","url":"http://www.last.fm/music/The+Sound+Of+Lucrecia","picture":"http://userserve-ak.last.fm/serve/252/37565391.jpg","@timestamp":"2140-10-06T19:20:25.000Z","list":["quick", "brown", "fox"]}
{"number":"150","name":"Porzellan","url":"http://www.last.fm/music/Porzellan","picture":"http://userserve-ak.last.fm/serve/252/36392371.jpg","@timestamp":"2141-10-06T19:20:25.000Z","list":["quick", "brown", "fox"]}
{"number":"151","name":"Deep Forest","url":"http://www.last.fm/music/Deep+Forest","picture":"http://userserve-ak.last.fm/serve/252/347830.jpg","@timestamp":"2142-10-06T19:20:25.000Z","list":["quick", "brown", "fox"]}
{"number":"152","name":"Porcupine Tree","url":"http://www.last.fm/music/Porcupine+Tree","picture":"http://userserve-ak.last.fm/serve/252/13065279.jpg","@timestamp":"2143-10-06T19:20:25.000Z","list":["quick", "brown", "fox"]}
{"number":"153","name":"De/Vision","url":"http://www.last.fm/music/De%252FVision","picture":"http://userserve-ak.last.fm/serve/252/14554013.jpg","@timestamp":"2144-10-06T19:20:25.000Z","list":["quick", "brown", "fox"]}
{"number":"154","name":"Radiohead","url":"http://www.last.fm/music/Radiohead","picture":"http://userserve-ak.last.fm/serve/252/8461967.jpg","@timestamp":"2145-10-06T19:20:25.000Z","list":["quick", "brown", "fox"]}
{"number":"155","name":"Robbie Williams","url":"http://www.last.fm/music/Robbie+Williams","picture":"http://userserve-ak.last.fm/serve/252/35492555.png","@timestamp":"2146-10-06T19:20:25.000Z","list":["quick", "brown", "fox"]}
{"number":"156","name":"VAST","url":"http://www.last.fm/music/VAST","picture":"http://userserve-ak.last.fm/serve/252/3516839.jpg","@timestamp":"2147-10-06T19:20:25.000Z","list":["quick", "brown", "fox"]}
{"number":"157","name":"Michael Jackson","url":"http://www.last.fm/music/Michael+Jackson","picture":"http://userserve-ak.last.fm/serve/252/30501527.png","@timestamp":"2148-10-06T19:20:25.000Z","list":["quick", "brown", "fox"]}
{"number":"159","name":"The Cure","url":"http://www.last.fm/music/The+Cure","picture":"http://userserve-ak.last.fm/serve/252/9151219.jpg","@timestamp":"2149-10-06T19:20:25.000Z","list":["quick", "brown", "fox"]}
{"number":"161","name":"Enrique Iglesias","url":"http://www.last.fm/music/Enrique+Iglesias","picture":"http://userserve-ak.last.fm/serve/252/46065447.png","@timestamp":"2150-10-06T19:20:25.000Z","list":["quick", "brown", "fox"]}
{"number":"162","name":"God Is an Astronaut","url":"http://www.last.fm/music/God+Is+an+Astronaut","picture":"http://userserve-ak.last.fm/serve/252/47057207.jpg","@timestamp":"2151-10-06T19:20:25.000Z","list":["quick", "brown", "fox"]}
{"number":"163","name":"Pink Floyd","url":"http://www.last.fm/music/Pink+Floyd","picture":"http://userserve-ak.last.fm/serve/252/39219129.jpg","@timestamp":"2152-10-06T19:20:25.000Z","list":["quick", "brown", "fox"]}
{"number":"165","name":"Planet Funk","url":"http://www.last.fm/music/Planet+Funk","picture":"http://userserve-ak.last.fm/serve/252/30909637.jpg","@timestamp":"2153-10-06T19:20:25.000Z","list":["quick", "brown", "fox"]}
{"number":"166","name":"The Cranberries","url":"http://www.last.fm/music/The+Cranberries","picture":"http://userserve-ak.last.fm/serve/252/8407.jpg","@timestamp":"2154-10-06T19:20:25.000Z","list":["quick", "brown", "fox"]}
{"number":"167","name":"Scissor Sisters","url":"http://www.last.fm/music/Scissor+Sisters","picture":"http://userserve-ak.last.fm/serve/252/52406253.png","@timestamp":"2155-10-06T19:20:25.000Z","list":["quick", "brown", "fox"]}
{"number":"170","name":"Mew","url":"http://www.last.fm/music/Mew","picture":"http://userserve-ak.last.fm/serve/252/42247291.jpg","@timestamp":"2156-10-06T19:20:25.000Z","list":["quick", "brown", "fox"]}
{"number":"171","name":"Stereophonics","url":"http://www.last.fm/music/Stereophonics","picture":"http://userserve-ak.last.fm/serve/252/248095.jpg","@timestamp":"2157-10-06T19:20:25.000Z","list":["quick", "brown", "fox"]}
{"number":"172","name":"Garbage","url":"http://www.last.fm/music/Garbage","picture":"http://userserve-ak.last.fm/serve/252/143186.jpg","@timestamp":"2158-10-06T19:20:25.000Z","list":["quick", "brown", "fox"]}
{"number":"173","name":"Placebo","url":"http://www.last.fm/music/Placebo","picture":"http://userserve-ak.last.fm/serve/252/300983.jpg","@timestamp":"2159-10-06T19:20:25.000Z","list":["quick", "brown", "fox"]}
{"number":"174","name":"Infected Mushroom","url":"http://www.last.fm/music/Infected+Mushroom","picture":"http://userserve-ak.last.fm/serve/252/6628687.jpg","@timestamp":"2160-10-06T19:20:25.000Z","list":["quick", "brown", "fox"]}
{"number":"175","name":"Delerium","url":"http://www.last.fm/music/Delerium","picture":"http://userserve-ak.last.fm/serve/252/7342823.jpg","@timestamp":"2161-10-06T19:20:25.000Z","list":["quick", "brown", "fox"]}
{"number":"176","name":"Scorpions","url":"http://www.last.fm/music/Scorpions","picture":"http://userserve-ak.last.fm/serve/252/3616479.png","@timestamp":"2162-10-06T19:20:25.000Z","list":["quick", "brown", "fox"]}
{"number":"177","name":"Rock Star Supernova","url":"http://www.last.fm/music/Rock+Star+Supernova","picture":"http://userserve-ak.last.fm/serve/252/139182.jpg","@timestamp":"2163-10-06T19:20:25.000Z","list":["quick", "brown", "fox"]}
{"number":"178","name":"Dolores O'Riordan","url":"http://www.last.fm/music/Dolores+O%27Riordan","picture":"http://userserve-ak.last.fm/serve/252/5515307.jpg","@timestamp":"2164-10-06T19:20:25.000Z","list":["quick", "brown", "fox"]}
{"number":"179","name":"Tommy Lee","url":"http://www.last.fm/music/Tommy+Lee","picture":"http://userserve-ak.last.fm/serve/252/17693251.jpg","@timestamp":"2165-10-06T19:20:25.000Z","list":["quick", "brown", "fox"]}
{"number":"180","name":"Roxette","url":"http://www.last.fm/music/Roxette","picture":"http://userserve-ak.last.fm/serve/252/2298997.jpg","@timestamp":"2166-10-06T19:20:25.000Z","list":["quick", "brown", "fox"]}
{"number":"181","name":"Paradise Lost","url":"http://www.last.fm/music/Paradise+Lost","picture":"http://userserve-ak.last.fm/serve/252/35325935.jpg","@timestamp":"2167-10-06T19:20:25.000Z","list":["quick", "brown", "fox"]}
{"number":"182","name":"Keane","url":"http://www.last.fm/music/Keane","picture":"http://userserve-ak.last.fm/serve/252/8891209.jpg","@timestamp":"2168-10-06T19:20:25.000Z","list":["quick", "brown", "fox"]}
{"number":"183","name":"Jamiroquai","url":"http://www.last.fm/music/Jamiroquai","picture":"http://userserve-ak.last.fm/serve/252/17958209.jpg","@timestamp":"2169-10-06T19:20:25.000Z","list":["quick", "brown", "fox"]}
{"number":"184","name":"James Blunt","url":"http://www.last.fm/music/James+Blunt","picture":"http://userserve-ak.last.fm/serve/252/2862243.jpg","@timestamp":"2170-10-06T19:20:25.000Z","list":["quick", "brown", "fox"]}
{"number":"185","name":"Reamonn","url":"http://www.last.fm/music/Reamonn","picture":"http://userserve-ak.last.fm/serve/252/45094837.png","@timestamp":"2171-10-06T19:20:25.000Z","list":["quick", "brown", "fox"]}
{"number":"186","name":"Blackfield","url":"http://www.last.fm/music/Blackfield","picture":"http://userserve-ak.last.fm/serve/252/55835355.png","@timestamp":"2172-10-06T19:20:25.000Z","list":["quick", "brown", "fox"]}
{"number":"187","name":"a-ha","url":"http://www.last.fm/music/a-ha","picture":"http://userserve-ak.last.fm/serve/252/44717589.png","@timestamp":"2173-10-06T19:20:25.000Z","list":["quick", "brown", "fox"]}
{"number":"188","name":"Opeth","url":"http://www.last.fm/music/Opeth","picture":"http://userserve-ak.last.fm/serve/252/45325391.png","@timestamp":"2174-10-06T19:20:25.000Z","list":["quick", "brown", "fox"]}
{"number":"189","name":"Poets of the Fall","url":"http://www.last.fm/music/Poets+of+the+Fall","picture":"http://userserve-ak.last.fm/serve/252/60552447.jpg","@timestamp":"2175-10-06T19:20:25.000Z","list":["quick", "brown", "fox"]}
{"number":"190","name":"Muse","url":"http://www.last.fm/music/Muse","picture":"http://userserve-ak.last.fm/serve/252/416514.jpg","@timestamp":"2176-10-06T19:20:25.000Z","list":["quick", "brown", "fox"]}
{"number":"191","name":"OneRepublic","url":"http://www.last.fm/music/OneRepublic","picture":"http://userserve-ak.last.fm/serve/252/38037651.png","@timestamp":"2177-10-06T19:20:25.000Z","list":["quick", "brown", "fox"]}
{"number":"192","name":"Elton John","url":"http://www.last.fm/music/Elton+John","picture":"http://userserve-ak.last.fm/serve/252/17079375.jpg","@timestamp":"2178-10-06T19:20:25.000Z","list":["quick", "brown", "fox"]}
{"number":"193","name":"Tears for Fears","url":"http://www.last.fm/music/Tears+for+Fears","picture":"http://userserve-ak.last.fm/serve/252/42813709.png","@timestamp":"2179-10-06T19:20:25.000Z","list":["quick", "brown", "fox"]}
{"number":"194","name":"The Tiger Lillies","url":"http://www.last.fm/music/The+Tiger+Lillies","picture":"http://userserve-ak.last.fm/serve/252/5921990.png","@timestamp":"2180-10-06T19:20:25.000Z","list":["quick", "brown", "fox"]}
{"number":"195","name":"Bright Eyes","url":"http://www.last.fm/music/Bright+Eyes","picture":"http://userserve-ak.last.fm/serve/252/26273.jpg","@timestamp":"2181-10-06T19:20:25.000Z","list":["quick", "brown", "fox"]}
{"number":"196","name":"Beirut","url":"http://www.last.fm/music/Beirut","picture":"http://userserve-ak.last.fm/serve/252/51274303.png","@timestamp":"2182-10-06T19:20:25.000Z","list":["quick", "brown", "fox"]}
{"number":"197","name":"Tom Waits","url":"http://www.last.fm/music/Tom+Waits","picture":"http://userserve-ak.last.fm/serve/252/207221.jpg","@timestamp":"2183-10-06T19:20:25.000Z","list":["quick", "brown", "fox"]}
{"number":"198","name":"System of a Down","url":"http://www.last.fm/music/System+of+a+Down","picture":"http://userserve-ak.last.fm/serve/252/363017.jpg","@timestamp":"2184-10-06T19:20:25.000Z","list":["quick", "brown", "fox"]}
{"number":"199","name":"Arcade Fire","url":"http://www.last.fm/music/Arcade+Fire","picture":"http://userserve-ak.last.fm/serve/252/18697365.jpg","@timestamp":"2185-10-06T19:20:25.000Z","list":["quick", "brown", "fox"]}
{"number":"200","name":"Gogol Bordello","url":"http://www.last.fm/music/Gogol+Bordello","picture":"http://userserve-ak.last.fm/serve/252/35336869.jpg","@timestamp":"2186-10-06T19:20:25.000Z","list":["quick", "brown", "fox"]}
{"number":"202","name":"CAKE","url":"http://www.last.fm/music/CAKE","picture":"http://userserve-ak.last.fm/serve/252/12825895.gif","@timestamp":"2187-10-06T19:20:25.000Z","list":["quick", "brown", "fox"]}
{"number":"203","name":"Blur","url":"http://www.last.fm/music/Blur","picture":"http://userserve-ak.last.fm/serve/252/269394.jpg","@timestamp":"2188-10-06T19:20:25.000Z","list":["quick", "brown", "fox"]}
{"number":"204","name":"Damien Rice","url":"http://www.last.fm/music/Damien+Rice","picture":"http://userserve-ak.last.fm/serve/252/292534.png","@timestamp":"2189-10-06T19:20:25.000Z","list":["quick", "brown", "fox"]}
{"number":"205","name":"Andrew Bird","url":"http://www.last.fm/music/Andrew+Bird","picture":"http://userserve-ak.last.fm/serve/252/951.jpg","@timestamp":"2190-10-06T19:20:25.000Z","list":["quick", "brown", "fox"]}
{"number":"206","name":"Beck","url":"http://www.last.fm/music/Beck","picture":"http://userserve-ak.last.fm/serve/252/7497941.jpg","@timestamp":"2191-10-06T19:20:25.000Z","list":["quick", "brown", "fox"]}
{"number":"207","name":"Arctic Monkeys","url":"http://www.last.fm/music/Arctic+Monkeys","picture":"http://userserve-ak.last.fm/serve/252/33550647.jpg","@timestamp":"2192-10-06T19:20:25.000Z","list":["quick", "brown", "fox"]}
{"number":"208","name":"Babyshambles","url":"http://www.last.fm/music/Babyshambles","picture":"http://userserve-ak.last.fm/serve/252/371350.jpg","@timestamp":"2193-10-06T19:20:25.000Z","list":["quick", "brown", "fox"]}
{"number":"209","name":"My Chemical Romance","url":"http://www.last.fm/music/My+Chemical+Romance","picture":"http://userserve-ak.last.fm/serve/252/411086.jpg","@timestamp":"2194-10-06T19:20:25.000Z","list":["quick", "brown", "fox"]}
{"number":"210","name":"Bloc Party","url":"http://www.last.fm/music/Bloc+Party","picture":"http://userserve-ak.last.fm/serve/252/780386.jpg","@timestamp":"2195-10-06T19:20:25.000Z","list":["quick", "brown", "fox"]}
{"number":"211","name":"The Decemberists","url":"http://www.last.fm/music/The+Decemberists","picture":"http://userserve-ak.last.fm/serve/252/886900.jpg","@timestamp":"2196-10-06T19:20:25.000Z","list":["quick", "brown", "fox"]}
{"number":"212","name":"Bob Dylan","url":"http://www.last.fm/music/Bob+Dylan","picture":"http://userserve-ak.last.fm/serve/252/13979651.jpg","@timestamp":"2197-10-06T19:20:25.000Z","list":["quick", "brown", "fox"]}
{"number":"213","name":"Jacques Brel","url":"http://www.last.fm/music/Jacques+Brel","picture":"http://userserve-ak.last.fm/serve/252/23711613.jpg","@timestamp":"2198-10-06T19:20:25.000Z","list":["quick", "brown", "fox"]}
{"number":"214","name":"DeVotchKa","url":"http://www.last.fm/music/DeVotchKa","picture":"http://userserve-ak.last.fm/serve/252/200510.jpg","@timestamp":"2199-10-06T19:20:25.000Z","list":["quick", "brown", "fox"]}
{"number":"215","name":"Jeff Buckley","url":"http://www.last.fm/music/Jeff+Buckley","picture":"http://userserve-ak.last.fm/serve/252/49531.jpg","@timestamp":"2200-10-06T19:20:25.000Z","list":["quick", "brown", "fox"]}
{"number":"216","name":"Sparklehorse","url":"http://www.last.fm/music/Sparklehorse","picture":"http://userserve-ak.last.fm/serve/252/43593291.png","@timestamp":"2201-10-06T19:20:25.000Z","list":["quick", "brown", "fox"]}
{"number":"217","name":"Death Cab for Cutie","url":"http://www.last.fm/music/Death+Cab+for+Cutie","picture":"http://userserve-ak.last.fm/serve/252/60010487.jpg","@timestamp":"2202-10-06T19:20:25.000Z","list":["quick", "brown", "fox"]}
{"number":"218","name":"Man Man","url":"http://www.last.fm/music/Man+Man","picture":"http://userserve-ak.last.fm/serve/252/5366105.jpg","@timestamp":"2203-10-06T19:20:25.000Z","list":["quick", "brown", "fox"]}
{"number":"219","name":"M. Ward","url":"http://www.last.fm/music/M.+Ward","picture":"http://userserve-ak.last.fm/serve/252/27105637.jpg","@timestamp":"2204-10-06T19:20:25.000Z","list":["quick", "brown", "fox"]}
{"number":"220","name":"Red Hot Chili Peppers","url":"http://www.last.fm/music/Red+Hot+Chili+Peppers","picture":"http://userserve-ak.last.fm/serve/252/155038.jpg","@timestamp":"2205-10-06T19:20:25.000Z","list":["quick", "brown", "fox"]}
{"number":"221","name":"Travis","url":"http://www.last.fm/music/Travis","picture":"http://userserve-ak.last.fm/serve/252/137315.jpg","@timestamp":"2206-10-06T19:20:25.000Z","list":["quick", "brown", "fox"]}
{"number":"222","name":"Modest Mouse","url":"http://www.last.fm/music/Modest+Mouse","picture":"http://userserve-ak.last.fm/serve/252/886281.jpg","@timestamp":"2207-10-06T19:20:25.000Z","list":["quick", "brown", "fox"]}
{"number":"223","name":"Band of Horses","url":"http://www.last.fm/music/Band+of+Horses","picture":"http://userserve-ak.last.fm/serve/252/299960.jpg","@timestamp":"2208-10-06T19:20:25.000Z","list":["quick", "brown", "fox"]}
{"number":"224","name":"Yeong-wook Jo","url":"http://www.last.fm/music/Yeong-wook+Jo","picture":"http://userserve-ak.last.fm/serve/252/33177663.jpg","@timestamp":"2209-10-06T19:20:25.000Z","list":["quick", "brown", "fox"]}
{"number":"225","name":"Interpol","url":"http://www.last.fm/music/Interpol","picture":"http://userserve-ak.last.fm/serve/252/50656.jpg","@timestamp":"2210-10-06T19:20:25.000Z","list":["quick", "brown", "fox"]}
{"number":"226","name":"Queens of the Stone Age","url":"http://www.last.fm/music/Queens+of+the+Stone+Age","picture":"http://userserve-ak.last.fm/serve/252/270457.jpg","@timestamp":"2211-10-06T19:20:25.000Z","list":["quick", "brown", "fox"]}
{"number":"227","name":"The Beatles","url":"http://www.last.fm/music/The+Beatles","picture":"http://userserve-ak.last.fm/serve/252/2588646.jpg","@timestamp":"2212-10-06T19:20:25.000Z","list":["quick", "brown", "fox"]}
{"number":"228","name":"Kings of Leon","url":"http://www.last.fm/music/Kings+of+Leon","picture":"http://userserve-ak.last.fm/serve/252/2739814.jpg","@timestamp":"2213-10-06T19:20:25.000Z","list":["quick", "brown", "fox"]}
{"number":"229","name":"The Killers","url":"http://www.last.fm/music/The+Killers","picture":"http://userserve-ak.last.fm/serve/252/250099.jpg","@timestamp":"2214-10-06T19:20:25.000Z","list":["quick", "brown", "fox"]}
{"number":"230","name":"Green Day","url":"http://www.last.fm/music/Green+Day","picture":"http://userserve-ak.last.fm/serve/252/15291249.jpg","@timestamp":"2215-10-06T19:20:25.000Z","list":["quick", "brown", "fox"]}
{"number":"231","name":"Devendra Banhart","url":"http://www.last.fm/music/Devendra+Banhart","picture":"http://userserve-ak.last.fm/serve/252/22080795.jpg","@timestamp":"2216-10-06T19:20:25.000Z","list":["quick", "brown", "fox"]}
{"number":"232","name":"Sunset Rubdown","url":"http://www.last.fm/music/Sunset+Rubdown","picture":"http://userserve-ak.last.fm/serve/252/41876349.png","@timestamp":"2217-10-06T19:20:25.000Z","list":["quick", "brown", "fox"]}
{"number":"233","name":"Nine Inch Nails","url":"http://www.last.fm/music/Nine+Inch+Nails","picture":"http://userserve-ak.last.fm/serve/252/29014025.jpg","@timestamp":"2218-10-06T19:20:25.000Z","list":["quick", "brown", "fox"]}
{"number":"234","name":"Nirvana","url":"http://www.last.fm/music/Nirvana","picture":"http://userserve-ak.last.fm/serve/252/380269.jpg","@timestamp":"2219-10-06T19:20:25.000Z","list":["quick", "brown", "fox"]}
{"number":"235","name":"Eels","url":"http://www.last.fm/music/Eels","picture":"http://userserve-ak.last.fm/serve/252/33367415.jpg","@timestamp":"2220-10-06T19:20:25.000Z","list":["quick", "brown", "fox"]}
{"number":"236","name":"Clap Your Hands Say Yeah","url":"http://www.last.fm/music/Clap+Your+Hands+Say+Yeah","picture":"http://userserve-ak.last.fm/serve/252/765229.jpg","@timestamp":"2221-10-06T19:20:25.000Z","list":["quick", "brown", "fox"]}
{"number":"237","name":"Thom Yorke","url":"http://www.last.fm/music/Thom+Yorke","picture":"http://userserve-ak.last.fm/serve/252/29289641.jpg","@timestamp":"2222-10-06T19:20:25.000Z","list":["quick", "brown", "fox"]}
{"number":"238","name":"Massive Attack","url":"http://www.last.fm/music/Massive+Attack","picture":"http://userserve-ak.last.fm/serve/252/41438057.jpg","@timestamp":"2223-10-06T19:20:25.000Z","list":["quick", "brown", "fox"]}
{"number":"239","name":"Keyshia Cole","url":"http://www.last.fm/music/Keyshia+Cole","picture":"http://userserve-ak.last.fm/serve/252/61549437.png","@timestamp":"2224-10-06T19:20:25.000Z","list":["quick", "brown", "fox"]}
{"number":"240","name":"Racionais MC's","url":"http://www.last.fm/music/Racionais+MC%27s","picture":"http://userserve-ak.last.fm/serve/252/3000654.jpg","@timestamp":"2225-10-06T19:20:25.000Z","list":["quick", "brown", "fox"]}
{"number":"241","name":"Toni Braxton","url":"http://www.last.fm/music/Toni+Braxton","picture":"http://userserve-ak.last.fm/serve/252/46200685.png","@timestamp":"2226-10-06T19:20:25.000Z","list":["quick", "brown", "fox"]}
{"number":"242","name":"Elo da Corrente","url":"http://www.last.fm/music/Elo+da+Corrente","picture":"http://userserve-ak.last.fm/serve/252/54216039.jpg","@timestamp":"2227-10-06T19:20:25.000Z","list":["quick", "brown", "fox"]}
{"number":"500","name":"Bullet for My Valentine","url":"http://www.last.fm/music/Bullet+for+My+Valentine","picture":"http://userserve-ak.last.fm/serve/252/45613985.jpg","@timestamp":"2468-10-06T19:20:25.000Z","list":["quick", "brown", "fox"]}
{"number":"501","name":"Angels & Airwaves","url":"http://www.last.fm/music/Angels%2B%2526%2BAirwaves","picture":"http://userserve-ak.last.fm/serve/252/2455791.jpg","@timestamp":"2469-10-06T19:20:25.000Z","list":["quick", "brown", "fox"]}
{"number":"502","name":"LaFee","url":"http://www.last.fm/music/LaFee","picture":"http://userserve-ak.last.fm/serve/252/18427817.jpg","@timestamp":"2470-10-06T19:20:25.000Z","list":["quick", "brown", "fox"]}
{"number":"503","name":"In Flames","url":"http://www.last.fm/music/In+Flames","picture":"http://userserve-ak.last.fm/serve/252/12732413.jpg","@timestamp":"2471-10-06T19:20:25.000Z","list":["quick", "brown", "fox"]}
{"number":"504","name":"HIM","url":"http://www.last.fm/music/HIM","picture":"http://userserve-ak.last.fm/serve/252/148293.jpg","@timestamp":"2472-10-06T19:20:25.000Z","list":["quick", "brown", "fox"]}
{"number":"505","name":"Digital Summer","url":"http://www.last.fm/music/Digital+Summer","picture":"http://userserve-ak.last.fm/serve/252/23301839.jpg","@timestamp":"2473-10-06T19:20:25.000Z","list":["quick", "brown", "fox"]}
{"number":"506","name":"Anathema","url":"http://www.last.fm/music/Anathema","picture":"http://userserve-ak.last.fm/serve/252/45858121.png","@timestamp":"2474-10-06T19:20:25.000Z","list":["quick", "brown", "fox"]}
{"number":"507","name":"Saosin","url":"http://www.last.fm/music/Saosin","picture":"http://userserve-ak.last.fm/serve/252/35608193.jpg","@timestamp":"2475-10-06T19:20:25.000Z","list":["quick", "brown", "fox"]}
{"number":"508","name":"Tracktor Bowling","url":"http://www.last.fm/music/Tracktor+Bowling","picture":"http://userserve-ak.last.fm/serve/252/35671525.jpg","@timestamp":"2476-10-06T19:20:25.000Z","list":["quick", "brown", "fox"]}
{"number":"509","name":"Pitchshifter","url":"http://www.last.fm/music/Pitchshifter","picture":"http://userserve-ak.last.fm/serve/252/29307365.jpg","@timestamp":"2477-10-06T19:20:25.000Z","list":["quick", "brown", "fox"]}
{"number":"510","name":"P.O.D.","url":"http://www.last.fm/music/P.O.D.","picture":"http://userserve-ak.last.fm/serve/252/8949521.jpg","@timestamp":"2478-10-06T19:20:25.000Z","list":["quick", "brown", "fox"]}
{"number":"900","name":"Annie Lennox","url":"http://www.last.fm/music/Annie+Lennox","picture":"http://userserve-ak.last.fm/serve/252/2669950.jpg","@timestamp":"2853-10-06T19:20:25.000Z","list":["quick", "brown", "fox"]}
{"number":"901","name":"VV Brown","url":"http://www.last.fm/music/VV+Brown","picture":"http://userserve-ak.last.fm/serve/252/52352633.png","@timestamp":"2854-10-06T19:20:25.000Z","list":["quick", "brown", "fox"]}
{"number":"902","name":"The Cast Of Buffy The Vampire Slayer","url":"http://www.last.fm/music/The+Cast+Of+Buffy+The+Vampire+Slayer","picture":"http://userserve-ak.last.fm/serve/252/2820789.jpg","@timestamp":"2855-10-06T19:20:25.000Z","list":["quick", "brown", "fox"]}
{"number":"903","name":"Amy Winehouse","url":"http://www.last.fm/music/Amy+Winehouse","picture":"http://userserve-ak.last.fm/serve/252/366300.jpg","@timestamp":"2856-10-06T19:20:25.000Z","list":["quick", "brown", "fox"]}
{"number":"904","name":"Rogue Traders","url":"http://www.last.fm/music/Rogue+Traders","picture":"http://userserve-ak.last.fm/serve/252/3881876.png","@timestamp":"2857-10-06T19:20:25.000Z","list":["quick", "brown", "fox"]}
{"number":"905","name":"Crowded House","url":"http://www.last.fm/music/Crowded+House","picture":"http://userserve-ak.last.fm/serve/252/7245347.jpg","@timestamp":"2858-10-06T19:20:25.000Z","list":["quick", "brown", "fox"]}
{"number":"906","name":"Girls Aloud","url":"http://www.last.fm/music/Girls+Aloud","picture":"http://userserve-ak.last.fm/serve/252/46994061.png","@timestamp":"2859-10-06T19:20:25.000Z","list":["quick", "brown", "fox"]}
{"number":"907","name":"Timbaland","url":"http://www.last.fm/music/Timbaland","picture":"http://userserve-ak.last.fm/serve/252/40255265.png","@timestamp":"2860-10-06T19:20:25.000Z","list":["quick", "brown", "fox"]}
{"number":"908","name":"Vanessa Hudgens","url":"http://www.last.fm/music/Vanessa+Hudgens","picture":"http://userserve-ak.last.fm/serve/252/57822071.png","@timestamp":"2861-10-06T19:20:25.000Z","list":["quick", "brown", "fox"]}
{"number":"909","name":"Delta Goodrem","url":"http://www.last.fm/music/Delta+Goodrem","picture":"http://userserve-ak.last.fm/serve/252/58609541.png","@timestamp":"2862-10-06T19:20:25.000Z","list":["quick", "brown", "fox"]}
{"number":"910","name":"John Williams","url":"http://www.last.fm/music/John+Williams","picture":"http://userserve-ak.last.fm/serve/252/59954101.jpg","@timestamp":"2863-10-06T19:20:25.000Z","list":["quick", "brown", "fox"]}
{"number":"911","name":"Rachel Stevens","url":"http://www.last.fm/music/Rachel+Stevens","picture":"http://userserve-ak.last.fm/serve/252/40015573.png","@timestamp":"2864-10-06T19:20:25.000Z","list":["quick", "brown", "fox"]}
{"number":"912","name":"Carter Burwell","url":"http://www.last.fm/music/Carter+Burwell","picture":"http://userserve-ak.last.fm/serve/252/38916203.png","@timestamp":"2865-10-06T19:20:25.000Z","list":["quick", "brown", "fox"]}
{"number":"913","name":"Destiny's Child","url":"http://www.last.fm/music/Destiny%27s+Child","picture":"http://userserve-ak.last.fm/serve/252/43232019.png","@timestamp":"2866-10-06T19:20:25.000Z","list":["quick", "brown", "fox"]}
{"number":"914","name":"Medina","url":"http://www.last.fm/music/Medina","picture":"http://userserve-ak.last.fm/serve/252/60964027.png","@timestamp":"2867-10-06T19:20:25.000Z","list":["quick", "brown", "fox"]}
{"number":"915","name":"Alexandra Burke","url":"http://www.last.fm/music/Alexandra+Burke","picture":"http://userserve-ak.last.fm/serve/252/54753767.png","@timestamp":"2868-10-06T19:20:25.000Z","list":["quick", "brown", "fox"]}
{"number":"916","name":"Vanessa S.","url":"http://www.last.fm/music/Vanessa+S.","picture":"http://userserve-ak.last.fm/serve/252/22231925.jpg","@timestamp":"2869-10-06T19:20:25.000Z","list":["quick", "brown", "fox"]}
{"number":"917","name":"Iron Maiden","url":"http://www.last.fm/music/Iron+Maiden","picture":"http://userserve-ak.last.fm/serve/252/22493569.jpg","@timestamp":"2870-10-06T19:20:25.000Z","list":["quick", "brown", "fox"]}
{"number":"918","name":"Megadeth","url":"http://www.last.fm/music/Megadeth","picture":"http://userserve-ak.last.fm/serve/252/8129787.jpg","@timestamp":"2871-10-06T19:20:25.000Z","list":["quick", "brown", "fox"]}
{"number":"919","name":"Savatage","url":"http://www.last.fm/music/Savatage","picture":"http://userserve-ak.last.fm/serve/252/19508887.jpg","@timestamp":"2872-10-06T19:20:25.000Z","list":["quick", "brown", "fox"]}
{"number":"920","name":"Dream Theater","url":"http://www.last.fm/music/Dream+Theater","picture":"http://userserve-ak.last.fm/serve/252/27653715.jpg","@timestamp":"2873-10-06T19:20:25.000Z","list":["quick", "brown", "fox"]}
{"number":"921","name":"Circle II Circle","url":"http://www.last.fm/music/Circle+II+Circle","picture":"http://userserve-ak.last.fm/serve/252/33247703.jpg","@timestamp":"2874-10-06T19:20:25.000Z","list":["quick", "brown", "fox"]}
{"number":"922","name":"Bruce Dickinson","url":"http://www.last.fm/music/Bruce+Dickinson","picture":"http://userserve-ak.last.fm/serve/252/36353539.png","@timestamp":"2875-10-06T19:20:25.000Z","list":["quick", "brown", "fox"]}
{"number":"923","name":"Children of Bodom","url":"http://www.last.fm/music/Children+of+Bodom","picture":"http://userserve-ak.last.fm/serve/252/46620709.jpg","@timestamp":"2876-10-06T19:20:25.000Z","list":["quick", "brown", "fox"]}
{"number":"924","name":"Angra","url":"http://www.last.fm/music/Angra","picture":"http://userserve-ak.last.fm/serve/252/49010785.jpg","@timestamp":"2877-10-06T19:20:25.000Z","list":["quick", "brown", "fox"]}
{"number":"925","name":"Andre Matos","url":"http://www.last.fm/music/Andre+Matos","picture":"http://userserve-ak.last.fm/serve/252/34054139.jpg","@timestamp":"2878-10-06T19:20:25.000Z","list":["quick", "brown", "fox"]}
{"number":"926","name":"Shaaman","url":"http://www.last.fm/music/Shaaman","picture":"http://userserve-ak.last.fm/serve/252/440.jpg","@timestamp":"2879-10-06T19:20:25.000Z","list":["quick", "brown", "fox"]}
{"number":"927","name":"Hangar","url":"http://www.last.fm/music/Hangar","picture":"http://userserve-ak.last.fm/serve/252/40532411.jpg","@timestamp":"2880-10-06T19:20:25.000Z","list":["quick", "brown", "fox"]}
{"number":"928","name":"Helloween","url":"http://www.last.fm/music/Helloween","picture":"http://userserve-ak.last.fm/serve/252/53137767.jpg","@timestamp":"2881-10-06T19:20:25.000Z","list":["quick", "brown", "fox"]}
{"number":"929","name":"Viper","url":"http://www.last.fm/music/Viper","picture":"http://userserve-ak.last.fm/serve/252/583408.jpg","@timestamp":"2882-10-06T19:20:25.000Z","list":["quick", "brown", "fox"]}
{"number":"930","name":"Nightwish","url":"http://www.last.fm/music/Nightwish","picture":"http://userserve-ak.last.fm/serve/252/2124668.jpg","@timestamp":"2883-10-06T19:20:25.000Z","list":["quick", "brown", "fox"]}
{"number":"931","name":"Dr. Sin","url":"http://www.last.fm/music/Dr.+Sin","picture":"http://userserve-ak.last.fm/serve/252/225477.jpg","@timestamp":"2884-10-06T19:20:25.000Z","list":["quick", "brown", "fox"]}
{"number":"932","name":"Matanza","url":"http://www.last.fm/music/Matanza","picture":"http://userserve-ak.last.fm/serve/252/366138.jpg","@timestamp":"2885-10-06T19:20:25.000Z","list":["quick", "brown", "fox"]}
{"number":"933","name":"Wizards","url":"http://www.last.fm/music/Wizards","picture":"http://userserve-ak.last.fm/serve/252/53879027.jpg","@timestamp":"2886-10-06T19:20:25.000Z","list":["quick", "brown", "fox"]}
{"number":"934","name":"Angel Dust","url":"http://www.last.fm/music/Angel+Dust","picture":"http://userserve-ak.last.fm/serve/252/25118605.jpg","@timestamp":"2887-10-06T19:20:25.000Z","list":["quick", "brown", "fox"]}
{"number":"935","name":"Bittencourt Project","url":"http://www.last.fm/music/Bittencourt+Project","picture":"http://userserve-ak.last.fm/serve/252/34040043.jpg","@timestamp":"2888-10-06T19:20:25.000Z","list":["quick", "brown", "fox"]}
{"number":"936","name":"Kamelot","url":"http://www.last.fm/music/Kamelot","picture":"http://userserve-ak.last.fm/serve/252/51238115.jpg","@timestamp":"2889-10-06T19:20:25.000Z","list":["quick", "brown", "fox"]}
{"number":"937","name":"Stratovarius","url":"http://www.last.fm/music/Stratovarius","picture":"http://userserve-ak.last.fm/serve/252/25469173.jpg","@timestamp":"2890-10-06T19:20:25.000Z","list":["quick", "brown", "fox"]}
{"number":"938","name":"Hibria","url":"http://www.last.fm/music/Hibria","picture":"http://userserve-ak.last.fm/serve/252/40665473.png","@timestamp":"2891-10-06T19:20:25.000Z","list":["quick", "brown", "fox"]}
{"number":"939","name":"Mindflow","url":"http://www.last.fm/music/Mindflow","picture":"http://userserve-ak.last.fm/serve/252/36414821.jpg","@timestamp":"2892-10-06T19:20:25.000Z","list":["quick", "brown", "fox"]}
{"number":"940","name":"Rage","url":"http://www.last.fm/music/Rage","picture":"http://userserve-ak.last.fm/serve/252/41607933.jpg","@timestamp":"2893-10-06T19:20:25.000Z","list":["quick", "brown", "fox"]}
{"number":"941","name":"Tribuzy","url":"http://www.last.fm/music/Tribuzy","picture":"http://userserve-ak.last.fm/serve/252/2174373.jpg","@timestamp":"2894-10-06T19:20:25.000Z","list":["quick", "brown", "fox"]}
{"number":"942","name":"Iced Earth","url":"http://www.last.fm/music/Iced+Earth","picture":"http://userserve-ak.last.fm/serve/252/26560821.jpg","@timestamp":"2895-10-06T19:20:25.000Z","list":["quick", "brown", "fox"]}
{"number":"943","name":"Nevermore","url":"http://www.last.fm/music/Nevermore","picture":"http://userserve-ak.last.fm/serve/252/14266543.jpg","@timestamp":"2896-10-06T19:20:25.000Z","list":["quick", "brown", "fox"]}
{"number":"944","name":"Symphony X","url":"http://www.last.fm/music/Symphony+X","picture":"http://userserve-ak.last.fm/serve/252/25730381.jpg","@timestamp":"2897-10-06T19:20:25.000Z","list":["quick", "brown", "fox"]}
{"number":"945","name":"Journey","url":"http://www.last.fm/music/Journey","picture":"http://userserve-ak.last.fm/serve/252/274220.jpg","@timestamp":"2898-10-06T19:20:25.000Z","list":["quick", "brown", "fox"]}
{"number":"946","name":"Avantasia","url":"http://www.last.fm/music/Avantasia","picture":"http://userserve-ak.last.fm/serve/252/16471533.jpg","@timestamp":"2899-10-06T19:20:25.000Z","list":["quick", "brown", "fox"]}
{"number":"947","name":"Testament","url":"http://www.last.fm/music/Testament","picture":"http://userserve-ak.last.fm/serve/252/6955771.jpg","@timestamp":"2900-10-06T19:20:25.000Z","list":["quick", "brown", "fox"]}
{"number":"948","name":"Burning in Hell","url":"http://www.last.fm/music/Burning+in+Hell","picture":"http://userserve-ak.last.fm/serve/252/206427.jpg","@timestamp":"2901-10-06T19:20:25.000Z","list":["quick", "brown", "fox"]}
{"number":"949","name":"Death","url":"http://www.last.fm/music/Death","picture":"http://userserve-ak.last.fm/serve/252/97530.jpg","@timestamp":"2902-10-06T19:20:25.000Z","list":["quick", "brown", "fox"]}
{"number":"950","name":"Kiko Loureiro","url":"http://www.last.fm/music/Kiko+Loureiro","picture":"http://userserve-ak.last.fm/serve/252/324256.jpg","@timestamp":"2903-10-06T19:20:25.000Z","list":["quick", "brown", "fox"]}
{"number":"951","name":"Bon Jovi","url":"http://www.last.fm/music/Bon+Jovi","picture":"http://userserve-ak.last.fm/serve/252/38024753.png","@timestamp":"2904-10-06T19:20:25.000Z","list":["quick", "brown", "fox"]}
{"number":"952","name":"Skid Row","url":"http://www.last.fm/music/Skid+Row","picture":"http://userserve-ak.last.fm/serve/252/32229.jpg","@timestamp":"2905-10-06T19:20:25.000Z","list":["quick", "brown", "fox"]}
{"number":"953","name":"Arch Enemy","url":"http://www.last.fm/music/Arch+Enemy","picture":"http://userserve-ak.last.fm/serve/252/39490073.jpg","@timestamp":"2906-10-06T19:20:25.000Z","list":["quick", "brown", "fox"]}
{"number":"954","name":"Kreator","url":"http://www.last.fm/music/Kreator","picture":"http://userserve-ak.last.fm/serve/252/2149388.jpg","@timestamp":"2907-10-06T19:20:25.000Z","list":["quick", "brown", "fox"]}
{"number":"955","name":"Epica","url":"http://www.last.fm/music/Epica","picture":"http://userserve-ak.last.fm/serve/252/57651417.png","@timestamp":"2908-10-06T19:20:25.000Z","list":["quick", "brown", "fox"]}
{"number":"956","name":"Yngwie Malmsteen","url":"http://www.last.fm/music/Yngwie+Malmsteen","picture":"http://userserve-ak.last.fm/serve/252/32807035.jpg","@timestamp":"2909-10-06T19:20:25.000Z","list":["quick", "brown", "fox"]}
{"number":"957","name":"Blind Guardian","url":"http://www.last.fm/music/Blind+Guardian","picture":"http://userserve-ak.last.fm/serve/252/6564.jpg","@timestamp":"2910-10-06T19:20:25.000Z","list":["quick", "brown", "fox"]}
{"number":"958","name":"Kotipelto","url":"http://www.last.fm/music/Kotipelto","picture":"http://userserve-ak.last.fm/serve/252/13091441.jpg","@timestamp":"2911-10-06T19:20:25.000Z","list":["quick", "brown", "fox"]}
{"number":"959","name":"Queen","url":"http://www.last.fm/music/Queen","picture":"http://userserve-ak.last.fm/serve/252/45625545.png","@timestamp":"2912-10-06T19:20:25.000Z","list":["quick", "brown", "fox"]}
{"number":"960","name":"Outworld","url":"http://www.last.fm/music/Outworld","picture":"http://userserve-ak.last.fm/serve/252/341517.jpg","@timestamp":"2913-10-06T19:20:25.000Z","list":["quick", "brown", "fox"]}
{"number":"961","name":"Tori Amos","url":"http://www.last.fm/music/Tori+Amos","picture":"http://userserve-ak.last.fm/serve/252/55672671.png","@timestamp":"2914-10-06T19:20:25.000Z","list":["quick", "brown", "fox"]}
{"number":"962","name":"The Cardigans","url":"http://www.last.fm/music/The+Cardigans","picture":"http://userserve-ak.last.fm/serve/252/3576712.jpg","@timestamp":"2915-10-06T19:20:25.000Z","list":["quick", "brown", "fox"]}
{"number":"963","name":"Yanni","url":"http://www.last.fm/music/Yanni","picture":"http://userserve-ak.last.fm/serve/252/4528950.jpg","@timestamp":"2916-10-06T19:20:25.000Z","list":["quick", "brown", "fox"]}
{"number":"964","name":"The Mars Volta","url":"http://www.last.fm/music/The+Mars+Volta","picture":"http://userserve-ak.last.fm/serve/252/13548815.jpg","@timestamp":"2917-10-06T19:20:25.000Z","list":["quick", "brown", "fox"]}
{"number":"965","name":"Bush","url":"http://www.last.fm/music/Bush","picture":"http://userserve-ak.last.fm/serve/252/345014.jpg","@timestamp":"2918-10-06T19:20:25.000Z","list":["quick", "brown", "fox"]}
{"number":"966","name":"Nickelback","url":"http://www.last.fm/music/Nickelback","picture":"http://userserve-ak.last.fm/serve/252/26385063.jpg","@timestamp":"2919-10-06T19:20:25.000Z","list":["quick", "brown", "fox"]}
{"number":"967","name":"Sixpence None the Richer","url":"http://www.last.fm/music/Sixpence+None+the+Richer","picture":"http://userserve-ak.last.fm/serve/252/565723.jpg","@timestamp":"2920-10-06T19:20:25.000Z","list":["quick", "brown", "fox"]}
{"number":"968","name":"Armin van Buuren","url":"http://www.last.fm/music/Armin+van+Buuren","picture":"http://userserve-ak.last.fm/serve/252/8307915.jpg","@timestamp":"2921-10-06T19:20:25.000Z","list":["quick", "brown", "fox"]}
{"number":"969","name":"Kasabian","url":"http://www.last.fm/music/Kasabian","picture":"http://userserve-ak.last.fm/serve/252/284053.jpg","@timestamp":"2922-10-06T19:20:25.000Z","list":["quick", "brown", "fox"]}
{"number":"970","name":"Infernal","url":"http://www.last.fm/music/Infernal","picture":"http://userserve-ak.last.fm/serve/252/10421637.jpg","@timestamp":"2923-10-06T19:20:25.000Z","list":["quick", "brown", "fox"]}
{"number":"972","name":"t.A.T.u.","url":"http://www.last.fm/music/t.A.T.u.","picture":"http://userserve-ak.last.fm/serve/252/161875.jpg","@timestamp":"2924-10-06T19:20:25.000Z","list":["quick", "brown", "fox"]}
{"number":"973","name":"Hevia","url":"http://www.last.fm/music/Hevia","picture":"http://userserve-ak.last.fm/serve/252/235954.jpg","@timestamp":"2925-10-06T19:20:25.000Z","list":["quick", "brown", "fox"]}
{"number":"974","name":"Amy Studt","url":"http://www.last.fm/music/Amy+Studt","picture":"http://userserve-ak.last.fm/serve/252/54537561.jpg","@timestamp":"2926-10-06T19:20:25.000Z","list":["quick", "brown", "fox"]}
{"number":"975","name":"Santana","url":"http://www.last.fm/music/Santana","picture":"http://userserve-ak.last.fm/serve/252/2224987.jpg","@timestamp":"2927-10-06T19:20:25.000Z","list":["quick", "brown", "fox"]}
{"number":"976","name":"Agressiva 69","url":"http://www.last.fm/music/Agressiva+69","picture":"http://userserve-ak.last.fm/serve/252/46025403.png","@timestamp":"2928-10-06T19:20:25.000Z","list":["quick", "brown", "fox"]}
{"number":"977","name":"At the Drive-In","url":"http://www.last.fm/music/At+the+Drive-In","picture":"http://userserve-ak.last.fm/serve/252/172563.jpg","@timestamp":"2929-10-06T19:20:25.000Z","list":["quick", "brown", "fox"]}
{"number":"978","name":"Disturbed","url":"http://www.last.fm/music/Disturbed","picture":"http://userserve-ak.last.fm/serve/252/109507.jpg","@timestamp":"2930-10-06T19:20:25.000Z","list":["quick", "brown", "fox"]}
{"number":"979","name":"Smash Mouth","url":"http://www.last.fm/music/Smash+Mouth","picture":"http://userserve-ak.last.fm/serve/252/82063.jpg","@timestamp":"2931-10-06T19:20:25.000Z","list":["quick", "brown", "fox"]}
{"number":"980","name":"Yelle","url":"http://www.last.fm/music/Yelle","picture":"http://userserve-ak.last.fm/serve/252/58186561.png","@timestamp":"2932-10-06T19:20:25.000Z","list":["quick", "brown", "fox"]}
{"number":"982","name":"Foo Fighters","url":"http://www.last.fm/music/Foo+Fighters","picture":"http://userserve-ak.last.fm/serve/252/59495563.jpg","@timestamp":"2933-10-06T19:20:25.000Z","list":["quick", "brown", "fox"]}
{"number":"983","name":"Rodrigo y Gabriela","url":"http://www.last.fm/music/Rodrigo+y+Gabriela","picture":"http://userserve-ak.last.fm/serve/252/4456675.jpg","@timestamp":"2934-10-06T19:20:25.000Z","list":["quick", "brown", "fox"]}
{"number":"984","name":"Tilly and the Wall","url":"http://www.last.fm/music/Tilly+and+the+Wall","picture":"http://userserve-ak.last.fm/serve/252/231071.jpg","@timestamp":"2935-10-06T19:20:25.000Z","list":["quick", "brown", "fox"]}
{"number":"985","name":"Blondie","url":"http://www.last.fm/music/Blondie","picture":"http://userserve-ak.last.fm/serve/252/7553081.jpg","@timestamp":"2936-10-06T19:20:25.000Z","list":["quick", "brown", "fox"]}
{"number":"986","name":"Frank Sinatra","url":"http://www.last.fm/music/Frank+Sinatra","picture":"http://userserve-ak.last.fm/serve/252/39168093.png","@timestamp":"2937-10-06T19:20:25.000Z","list":["quick", "brown", "fox"]}
{"number":"987","name":"Earth, Wind & Fire","url":"http://www.last.fm/music/Earth%252C%2BWind%2B%2526%2BFire","picture":"http://userserve-ak.last.fm/serve/252/52210277.png","@timestamp":"2938-10-06T19:20:25.000Z","list":["quick", "brown", "fox"]}
{"number":"988","name":"Fallulah","url":"http://www.last.fm/music/Fallulah","picture":"http://userserve-ak.last.fm/serve/252/34819757.jpg","@timestamp":"2939-10-06T19:20:25.000Z","list":["quick", "brown", "fox"]}
{"number":"989","name":"The Donnas","url":"http://www.last.fm/music/The+Donnas","picture":"http://userserve-ak.last.fm/serve/252/53519297.png","@timestamp":"2940-10-06T19:20:25.000Z","list":["quick", "brown", "fox"]}
{"number":"990","name":"Iron Butterfly","url":"http://www.last.fm/music/Iron+Butterfly","picture":"http://userserve-ak.last.fm/serve/252/18775749.jpg","@timestamp":"2941-10-06T19:20:25.000Z","list":["quick", "brown", "fox"]}
{"number":"991","name":"Jem","url":"http://www.last.fm/music/Jem","picture":"http://userserve-ak.last.fm/serve/252/58101529.png","@timestamp":"2942-10-06T19:20:25.000Z","list":["quick", "brown", "fox"]}
{"number":"992","name":"Chris Rea","url":"http://www.last.fm/music/Chris+Rea","picture":"http://userserve-ak.last.fm/serve/252/217703.jpg","@timestamp":"2943-10-06T19:20:25.000Z","list":["quick", "brown", "fox"]}
{"number":"993","name":"Simple Minds","url":"http://www.last.fm/music/Simple+Minds","picture":"http://userserve-ak.last.fm/serve/252/28670399.png","@timestamp":"2944-10-06T19:20:25.000Z","list":["quick", "brown", "fox"]}
{"number":"994","name":"Howard Jones","url":"http://www.last.fm/music/Howard+Jones","picture":"http://userserve-ak.last.fm/serve/252/4509147.jpg","@timestamp":"2945-10-06T19:20:25.000Z","list":["quick", "brown", "fox"]}
{"number":"995","name":"China Crisis","url":"http://www.last.fm/music/China+Crisis","picture":"http://userserve-ak.last.fm/serve/252/13224571.jpg","@timestamp":"2946-10-06T19:20:25.000Z","list":["quick", "brown", "fox"]}
{"number":"996","name":"Mike & The Mechanics","url":"http://www.last.fm/music/Mike%2B%2526%2BThe%2BMechanics","picture":"http://userserve-ak.last.fm/serve/252/57142699.png","@timestamp":"2947-10-06T19:20:25.000Z","list":["quick", "brown", "fox"]}
{"number":"997","name":"The Human League","url":"http://www.last.fm/music/The+Human+League","picture":"http://userserve-ak.last.fm/serve/252/51970289.png","@timestamp":"2948-10-06T19:20:25.000Z","list":["quick", "brown", "fox"]}
{"number":"998","name":"Orchestral Manoeuvres in the Dark","url":"http://www.last.fm/music/Orchestral+Manoeuvres+in+the+Dark","picture":"http://userserve-ak.last.fm/serve/252/33943699.png","@timestamp":"2949-10-06T19:20:25.000Z","list":["quick", "brown", "fox"]}
{"number":"999","name":"Thompson Twins","url":"http://www.last.fm/music/Thompson+Twins","picture":"http://userserve-ak.last.fm/serve/252/6943589.jpg","@timestamp":"2950-10-06T19:20:25.000Z","list":["quick", "brown", "fox"]}
{"number":"1000","name":"Information Society","url":"http://www.last.fm/music/Information+Society","picture":"http://userserve-ak.last.fm/serve/252/20361343.jpg","@timestamp":"2951-10-06T19:20:25.000Z","list":["quick", "brown", "fox"]}
{"number":"1001","name":"Pet Shop Boys","url":"http://www.last.fm/music/Pet+Shop+Boys","picture":"http://userserve-ak.last.fm/serve/252/28023467.png","@timestamp":"2952-10-06T19:20:25.000Z","list":["quick", "brown", "fox"]}
