{ "@id": "2014-10-02-client_(select(0)from(select(sleep(4)))v)/*\u0027+(select(0)from(select(sleep(4)))v)+\u0027\"+(select(0)from(select(sleep(4)))v)+\"*/-d6c81da88d482fa636e2cc5b19abb3a6", "@key": "client_(select(0)from(select(sleep(4)))v)/*\u0027+(select(0)from(select(sleep(4)))v)+\u0027\"+(select(0)from(select(sleep(4)))v)+\"*/", "@timestamp": "2014-10-02", "@value": 1 }
{ "@id": "2014-10-02-client_(select(0)from(select(sleep(9)))v)/*\u0027+(select(0)from(select(sleep(9)))v)+\u0027\"+(select(0)from(select(sleep(9)))v)+\"*/-caba33866b9b6c36c0791fd8f622802a","@key": "client_(select(0)from(select(sleep(9)))v)/*\u0027+(select(0)from(select(sleep(9)))v)+\u0027\"+(select(0)from(select(sleep(9)))v)+\"*/", "@timestamp": "2014-10-02", "@value": 1 }
{ "@id": "2014-10-02-client_(select(0)from(select(sleep(15)))v)/*\u0027+(select(0)from(select(sleep(15)))v)+\u0027\"+(select(0)from(select(sleep(15)))v)+\"*/-a1ae7275a600d2b9b77c1a35cf2a2203", "@key": "client_(select(0)from(select(sleep(15)))v)/*\u0027+(select(0)from(select(sleep(15)))v)+\u0027\"+(select(0)from(select(sleep(15)))v)+\"*/", "@timestamp": "2014-10-02", "@value": 1 }